variant,env_steps,success_mean,success_std,num_seeds,raw_counts
online_sgcrl,100000,0.0033333333333333335,0.004714045207910317,3,"1/100, 0/100, 0/100"
online_sgcrl,200000,0.006666666666666667,0.009428090415820633,3,"0/100, 0/100, 2/100"
online_sgcrl,300000,0.016666666666666666,0.016996731711975948,3,"4/100, 0/100, 1/100"
online_sgcrl,500000,0.03666666666666667,0.026246692913372706,3,"6/100, 0/100, 5/100"
online_sgcrl,800000,0.07666666666666667,0.038586123009300755,3,"13/100, 6/100, 4/100"
online_sgcrl,1000000,0.09333333333333334,0.0339934634239519,3,"14/100, 6/100, 8/100"
online_sgcrl_det_bridge,100000,0.0033333333333333335,0.004714045207910317,3,"1/100, 0/100, 0/100"
online_sgcrl_det_bridge,200000,0.013333333333333334,0.018856180831641266,3,"4/100, 0/100, 0/100"
online_sgcrl_det_bridge,300000,0.016666666666666666,0.012472191289246471,3,"2/100, 0/100, 3/100"
online_sgcrl_det_bridge,500000,0.10666666666666667,0.05792715732327589,3,"17/100, 3/100, 12/100"
online_sgcrl_det_bridge,800000,0.13666666666666666,0.07586537784494027,3,"24/100, 6/100, 11/100"
online_sgcrl_det_bridge,1000000,0.18000000000000002,0.07118052168020873,3,"22/100, 8/100, 24/100"
online_sgcrl_rf_bridge,100000,0.0033333333333333335,0.004714045207910317,3,"1/100, 0/100, 0/100"
online_sgcrl_rf_bridge,200000,0.013333333333333334,0.01247219128924647,3,"3/100, 1/100, 0/100"
online_sgcrl_rf_bridge,300000,0.02666666666666667,0.01699673171197595,3,"2/100, 1/100, 5/100"
online_sgcrl_rf_bridge,500000,0.09000000000000001,0.04898979485566356,3,"15/100, 3/100, 9/100"
online_sgcrl_rf_bridge,800000,0.1366666666666667,0.009428090415820628,3,"15/100, 13/100, 13/100"
online_sgcrl_rf_bridge,1000000,0.21999999999999997,0.02449489742783178,3,"22/100, 25/100, 19/100"
